ID,名称,図,出典,原図キャプション,ライセンス
001,毛髪,assets/skin_accessory-0.webp,https://openstax.org/books/anatomy-and-physiology-2e/pages/5-2-accessory-structures-of-the-skin,Figure 5.11 Hair Hair follicles originate in the epidermis and have many different parts.,OpenStax figure; CC BY-NC-SA 4.0 for OpenStax-owned art; see figure-specific credit
002,頭皮・毛髪,assets/skin_accessory-0.webp,https://openstax.org/books/anatomy-and-physiology-2e/pages/5-2-accessory-structures-of-the-skin,Figure 5.11 Hair Hair follicles originate in the epidermis and have many different parts.,OpenStax figure; CC BY-NC-SA 4.0 for OpenStax-owned art; see figure-specific credit
003,口唇,assets/mouth-0.webp,https://openstax.org/books/anatomy-and-physiology-2e/pages/23-3-the-mouth-pharynx-and-esophagus,"Figure 23.7 Mouth The mouth includes the lips, tongue, palate, gums, and teeth.",OpenStax / CC BY-NC-SA 4.0 (figure-specific credits apply)
004,手掌,assets/mascot-004.png,https://openstax.org/books/anatomy-and-physiology-2e/pages/5-1-layers-of-the-skin,Original AI illustration: external skin surface. Reviewed against standard surface anatomy; no internal structures claimed.,"Original generated illustration; OpenStax link is the anatomy reference, not the image source."
005,手の爪,assets/skin_accessory-2.webp,https://openstax.org/books/anatomy-and-physiology-2e/pages/5-2-accessory-structures-of-the-skin,Figure 5.13 Nails The nail is an accessory structure of the integumentary system.,OpenStax figure; CC BY-NC-SA 4.0 for OpenStax-owned art; see figure-specific credit
006,足の爪,assets/skin_accessory-2.webp,https://openstax.org/books/anatomy-and-physiology-2e/pages/5-2-accessory-structures-of-the-skin,Figure 5.13 Nails The nail is an accessory structure of the integumentary system.,OpenStax figure; CC BY-NC-SA 4.0 for OpenStax-owned art; see figure-specific credit
007,足底,assets/mascot-007.png,https://openstax.org/books/anatomy-and-physiology-2e/pages/5-1-layers-of-the-skin,Original AI illustration: external skin surface. Reviewed against standard surface anatomy; no internal structures claimed.,"Original generated illustration; OpenStax link is the anatomy reference, not the image source."
008,背部の皮膚,assets/mascot-008.png,https://openstax.org/books/anatomy-and-physiology-2e/pages/5-1-layers-of-the-skin,Original AI illustration: external skin surface. Reviewed against standard surface anatomy; no internal structures claimed.,"Original generated illustration; OpenStax link is the anatomy reference, not the image source."
009,肘の皮膚,assets/mascot-009.png,https://openstax.org/books/anatomy-and-physiology-2e/pages/5-1-layers-of-the-skin,Original AI illustration: external skin surface. Reviewed against standard surface anatomy; no internal structures claimed.,"Original generated illustration; OpenStax link is the anatomy reference, not the image source."
010,かかと,assets/mascot-010.png,https://openstax.org/books/anatomy-and-physiology-2e/pages/5-1-layers-of-the-skin,Original AI illustration: external skin surface. Reviewed against standard surface anatomy; no internal structures claimed.,"Original generated illustration; OpenStax link is the anatomy reference, not the image source."
011,乳房,assets/female-8.webp,https://openstax.org/books/anatomy-and-physiology-2e/pages/27-2-anatomy-and-physiology-of-the-ovarian-reproductive-system,"Figure 27.17 Anatomy of the Breast During lactation, milk moves from the alveoli through the lactiferous ducts to the nipple.",OpenStax figure; CC BY-NC-SA 4.0 for OpenStax-owned art; see figure-specific credit
012,外陰部,assets/female-1.webp,https://openstax.org/books/anatomy-and-physiology-2e/pages/27-2-anatomy-and-physiology-of-the-ovarian-reproductive-system,Figure 27.10 The Vulva The external female genitalia are referred to collectively as the vulva.,OpenStax figure; CC BY-NC-SA 4.0 for OpenStax-owned art; see figure-specific credit
013,陰茎,assets/male-5.webp,https://openstax.org/books/anatomy-and-physiology-2e/pages/27-1-anatomy-and-physiology-of-the-testicular-reproductive-system,Figure 27.7 Cross-Sectional Anatomy of the Penis Three columns of erectile tissue make up most of the volume of the penis.,OpenStax figure; CC BY-NC-SA 4.0 for OpenStax-owned art; see figure-specific credit
014,陰嚢,assets/male-1.webp,https://openstax.org/books/anatomy-and-physiology-2e/pages/27-1-anatomy-and-physiology-of-the-testicular-reproductive-system,Figure 27.3 The Scrotum and Testes This anterior view shows the structures of the scrotum and testes.,OpenStax figure; CC BY-NC-SA 4.0 for OpenStax-owned art; see figure-specific credit
015,頭蓋骨,assets/axial_bones-0.webp,https://openstax.org/books/anatomy-and-physiology-2e/pages/7-2-the-skull,"Figure 7.3 Parts of the Skull The skull consists of the rounded brain case that houses the brain and the facial bones that form the upper and lower jaws, nose, orbits, and other facial structures.",OpenStax figure; CC BY-NC-SA 4.0 for OpenStax-owned art; see figure-specific credit
016,前頭骨,assets/016.png,https://dbarchive.biosciencedbc.jp/en/bodyparts3d/download.html,,BodyParts3D CC BY 4.0
017,頭頂骨,assets/017.png,https://dbarchive.biosciencedbc.jp/en/bodyparts3d/download.html,,BodyParts3D CC BY 4.0
018,後頭骨,assets/018.png,https://dbarchive.biosciencedbc.jp/en/bodyparts3d/download.html,,BodyParts3D CC BY 4.0
019,側頭骨,assets/019.png,https://dbarchive.biosciencedbc.jp/en/bodyparts3d/download.html,,BodyParts3D CC BY 4.0
020,頬骨,assets/020.png,https://dbarchive.biosciencedbc.jp/en/bodyparts3d/download.html,,BodyParts3D CC BY 4.0
021,鼻骨,assets/021.png,https://dbarchive.biosciencedbc.jp/en/bodyparts3d/download.html,,BodyParts3D CC BY 4.0
022,上顎骨,assets/022.png,https://dbarchive.biosciencedbc.jp/en/bodyparts3d/download.html,,BodyParts3D CC BY 4.0
023,下顎骨,assets/023.png,https://dbarchive.biosciencedbc.jp/en/bodyparts3d/download.html,,BodyParts3D CC BY 4.0
024,鎖骨,assets/024.png,https://dbarchive.biosciencedbc.jp/en/bodyparts3d/download.html,,BodyParts3D CC BY 4.0
025,肩甲骨,assets/025.png,https://dbarchive.biosciencedbc.jp/en/bodyparts3d/download.html,,BodyParts3D CC BY 4.0
026,胸骨,assets/026.png,https://dbarchive.biosciencedbc.jp/en/bodyparts3d/download.html,,BodyParts3D CC BY 4.0
027,肋骨,assets/027.png,https://dbarchive.biosciencedbc.jp/en/bodyparts3d/download.html,,BodyParts3D CC BY 4.0
028,脊柱,assets/vertebrae-0.webp,https://openstax.org/books/anatomy-and-physiology-2e/pages/7-3-the-vertebral-column,"Figure 7.20 Vertebral Column The adult vertebral column consists of 24 vertebrae, plus the sacrum and coccyx. The vertebrae are divided into three regions: cervical C1–C7 vertebrae, thoracic T1–T12 vertebrae, and lumbar L1–L5 vertebrae. The vertebral column is curved, with two primary curvatures (thoracic and sacrococcygeal curves) and two secondary curvatures (cervical and lumbar curves).",OpenStax / CC BY-NC-SA 4.0 (figure-specific credits apply)
029,頸椎,assets/vertebrae-5.webp,https://openstax.org/books/anatomy-and-physiology-2e/pages/7-3-the-vertebral-column,"Figure 7.25 Cervical Vertebrae A typical cervical vertebra has a small body, a bifid spinous process, transverse processes that have a transverse foramen and are curved for spinal nerve passage. The atlas (C1 vertebra) does not have a body or spinous process. It consists of an anterior and a posterior arch and elongated transverse processes. The axis (C2 vertebra) has the upward projecting dens, which articulates with the anterior arch of the atlas.",OpenStax / CC BY-NC-SA 4.0 (figure-specific credits apply)
030,胸椎,assets/vertebrae-6.webp,https://openstax.org/books/anatomy-and-physiology-2e/pages/7-3-the-vertebral-column,"Figure 7.26 Thoracic Vertebrae A typical thoracic vertebra is distinguished by the spinous process, which is long and projects downward to overlap the next inferior vertebra. It also has articulation sites (facets) on the vertebral body and a transverse process for rib attachment.",OpenStax / CC BY-NC-SA 4.0 (figure-specific credits apply)
031,腰椎,assets/vertebrae-8.webp,https://openstax.org/books/anatomy-and-physiology-2e/pages/7-3-the-vertebral-column,"Figure 7.28 Lumbar Vertebrae Lumbar vertebrae are characterized by having a large, thick body and a short, rounded spinous process.",OpenStax / CC BY-NC-SA 4.0 (figure-specific credits apply)
032,仙骨,assets/vertebrae-9.webp,https://openstax.org/books/anatomy-and-physiology-2e/pages/7-3-the-vertebral-column,"Figure 7.29 Sacrum and Coccyx The sacrum is formed from the fusion of five sacral vertebrae, whose lines of fusion are indicated by the transverse ridges. The fused spinous processes form the median sacral crest, while the lateral sacral crest arises from the fused transverse processes. The coccyx is formed by the fusion of four small coccygeal vertebrae.",OpenStax / CC BY-NC-SA 4.0 (figure-specific credits apply)
033,尾骨,assets/vertebrae-9.webp,https://openstax.org/books/anatomy-and-physiology-2e/pages/7-3-the-vertebral-column,"Figure 7.29 Sacrum and Coccyx The sacrum is formed from the fusion of five sacral vertebrae, whose lines of fusion are indicated by the transverse ridges. The fused spinous processes form the median sacral crest, while the lateral sacral crest arises from the fused transverse processes. The coccyx is formed by the fusion of four small coccygeal vertebrae.",OpenStax figure; CC BY-NC-SA 4.0 for OpenStax-owned art; see figure-specific credit
034,上腕骨,assets/upper_bones-0.webp,https://openstax.org/books/anatomy-and-physiology-2e/pages/8-2-bones-of-the-upper-limb,Figure 8.5 Humerus and Elbow Joint The humerus is the single bone of the upper arm region. It articulates with the radius and ulna bones of the forearm to form the elbow joint.,OpenStax / CC BY-NC-SA 4.0 (figure-specific credits apply)
035,橈骨,assets/upper_bones-1.webp,https://openstax.org/books/anatomy-and-physiology-2e/pages/8-2-bones-of-the-upper-limb,"Figure 8.6 Ulna and Radius The ulna is located on the medial side of the forearm, and the radius is on the lateral side. These bones are attached to each other by an interosseous membrane.",OpenStax / CC BY-NC-SA 4.0 (figure-specific credits apply)
036,尺骨,assets/upper_bones-1.webp,https://openstax.org/books/anatomy-and-physiology-2e/pages/8-2-bones-of-the-upper-limb,"Figure 8.6 Ulna and Radius The ulna is located on the medial side of the forearm, and the radius is on the lateral side. These bones are attached to each other by an interosseous membrane.",OpenStax / CC BY-NC-SA 4.0 (figure-specific credits apply)
037,手根骨,assets/upper_bones-2.webp,https://openstax.org/books/anatomy-and-physiology-2e/pages/8-2-bones-of-the-upper-limb,Figure 8.7 Bones of the Wrist and Hand The eight carpal bones form the base of the hand. These are arranged into proximal and distal rows of four bones each. The metacarpal bones form the palm of the hand. The thumb and fingers consist of the phalanx bones.,OpenStax figure; CC BY-NC-SA 4.0 for OpenStax-owned art; see figure-specific credit
038,中手骨,assets/upper_bones-2.webp,https://openstax.org/books/anatomy-and-physiology-2e/pages/8-2-bones-of-the-upper-limb,Figure 8.7 Bones of the Wrist and Hand The eight carpal bones form the base of the hand. These are arranged into proximal and distal rows of four bones each. The metacarpal bones form the palm of the hand. The thumb and fingers consist of the phalanx bones.,OpenStax figure; CC BY-NC-SA 4.0 for OpenStax-owned art; see figure-specific credit
039,指骨（手）,assets/upper_bones-2.webp,https://openstax.org/books/anatomy-and-physiology-2e/pages/8-2-bones-of-the-upper-limb,Figure 8.7 Bones of the Wrist and Hand The eight carpal bones form the base of the hand. These are arranged into proximal and distal rows of four bones each. The metacarpal bones form the palm of the hand. The thumb and fingers consist of the phalanx bones.,OpenStax figure; CC BY-NC-SA 4.0 for OpenStax-owned art; see figure-specific credit
040,骨盤,assets/040.png,https://dbarchive.biosciencedbc.jp/en/bodyparts3d/download.html,,BodyParts3D CC BY 4.0
041,腸骨,assets/pelvis-1.webp,https://openstax.org/books/anatomy-and-physiology-2e/pages/8-3-the-pelvic-girdle-and-pelvis,"Figure 8.13 The Hip Bone The adult hip bone consists of three regions. The ilium forms the large, fan-shaped superior portion, the ischium forms the posteroinferior portion, and the pubis forms the anteromedial portion.",OpenStax figure; CC BY-NC-SA 4.0 for OpenStax-owned art; see figure-specific credit
042,坐骨,assets/pelvis-1.webp,https://openstax.org/books/anatomy-and-physiology-2e/pages/8-3-the-pelvic-girdle-and-pelvis,"Figure 8.13 The Hip Bone The adult hip bone consists of three regions. The ilium forms the large, fan-shaped superior portion, the ischium forms the posteroinferior portion, and the pubis forms the anteromedial portion.",OpenStax figure; CC BY-NC-SA 4.0 for OpenStax-owned art; see figure-specific credit
043,恥骨,assets/pelvis-1.webp,https://openstax.org/books/anatomy-and-physiology-2e/pages/8-3-the-pelvic-girdle-and-pelvis,"Figure 8.13 The Hip Bone The adult hip bone consists of three regions. The ilium forms the large, fan-shaped superior portion, the ischium forms the posteroinferior portion, and the pubis forms the anteromedial portion.",OpenStax figure; CC BY-NC-SA 4.0 for OpenStax-owned art; see figure-specific credit
044,大腿骨,assets/lower_bones-0.webp,https://openstax.org/books/anatomy-and-physiology-2e/pages/8-4-bones-of-the-lower-limb,"Figure 8.16 Femur and Patella The femur is the single bone of the thigh region. It articulates superiorly with the hip bone at the hip joint, and inferiorly with the tibia at the knee joint. The patella only articulates with the distal end of the femur.",OpenStax / CC BY-NC-SA 4.0 (figure-specific credits apply)
045,膝蓋骨,assets/lower_bones-0.webp,https://openstax.org/books/anatomy-and-physiology-2e/pages/8-4-bones-of-the-lower-limb,"Figure 8.16 Femur and Patella The femur is the single bone of the thigh region. It articulates superiorly with the hip bone at the hip joint, and inferiorly with the tibia at the knee joint. The patella only articulates with the distal end of the femur.",OpenStax / CC BY-NC-SA 4.0 (figure-specific credits apply)
046,脛骨,assets/lower_bones-2.webp,https://openstax.org/books/anatomy-and-physiology-2e/pages/8-4-bones-of-the-lower-limb,"Figure 8.18 Tibia and Fibula The tibia is the larger, weight-bearing bone located on the medial side of the leg. The fibula is the slender bone of the lateral side of the leg and does not bear weight.",OpenStax / CC BY-NC-SA 4.0 (figure-specific credits apply)
047,腓骨,assets/lower_bones-2.webp,https://openstax.org/books/anatomy-and-physiology-2e/pages/8-4-bones-of-the-lower-limb,"Figure 8.18 Tibia and Fibula The tibia is the larger, weight-bearing bone located on the medial side of the leg. The fibula is the slender bone of the lateral side of the leg and does not bear weight.",OpenStax / CC BY-NC-SA 4.0 (figure-specific credits apply)
048,距骨,assets/lower_bones-3.webp,https://openstax.org/books/anatomy-and-physiology-2e/pages/8-4-bones-of-the-lower-limb,Figure 8.19 Bones of the Foot The bones of the foot are divided into three groups. The posterior foot is formed by the seven tarsal bones. The mid-foot has the five metatarsal bones. The toes contain the phalanges.,OpenStax / CC BY-NC-SA 4.0 (figure-specific credits apply)
049,踵骨,assets/lower_bones-3.webp,https://openstax.org/books/anatomy-and-physiology-2e/pages/8-4-bones-of-the-lower-limb,Figure 8.19 Bones of the Foot The bones of the foot are divided into three groups. The posterior foot is formed by the seven tarsal bones. The mid-foot has the five metatarsal bones. The toes contain the phalanges.,OpenStax / CC BY-NC-SA 4.0 (figure-specific credits apply)
050,中足骨,assets/lower_bones-3.webp,https://openstax.org/books/anatomy-and-physiology-2e/pages/8-4-bones-of-the-lower-limb,Figure 8.19 Bones of the Foot The bones of the foot are divided into three groups. The posterior foot is formed by the seven tarsal bones. The mid-foot has the five metatarsal bones. The toes contain the phalanges.,OpenStax figure; CC BY-NC-SA 4.0 for OpenStax-owned art; see figure-specific credit
051,趾骨（足）,assets/lower_bones-3.webp,https://openstax.org/books/anatomy-and-physiology-2e/pages/8-4-bones-of-the-lower-limb,Figure 8.19 Bones of the Foot The bones of the foot are divided into three groups. The posterior foot is formed by the seven tarsal bones. The mid-foot has the five metatarsal bones. The toes contain the phalanges.,OpenStax figure; CC BY-NC-SA 4.0 for OpenStax-owned art; see figure-specific credit
052,脊髄,assets/052.png,https://dbarchive.biosciencedbc.jp/en/bodyparts3d/download.html,,BodyParts3D CC BY 4.0
053,腕神経叢,assets/gray-brachial.png,https://commons.wikimedia.org/wiki/File:Gray808.png,,Public domain
054,大腿神経,assets/gray-femoral.png,https://commons.wikimedia.org/wiki/File:Gray827.png,,Public domain
055,脛骨神経,assets/gray-tibial.png,https://commons.wikimedia.org/wiki/File:Gray832.png,,Public domain
056,正中神経,assets/gray-median.png,https://commons.wikimedia.org/wiki/File:Gray815.png,,Public domain
057,脊髄神経後枝,assets/gray-posterior-rami.png,https://commons.wikimedia.org/wiki/File:Gray802.png,"Gray / Carter, Anatomy of the Human Body (1918), plate 802: cutaneous distribution of posterior rami.",Public domain
058,橈骨神経,assets/gray-radial.png,https://commons.wikimedia.org/wiki/File:Gray818.png,,Public domain
059,坐骨神経,assets/gray-sciatic.png,https://commons.wikimedia.org/wiki/File:Gray832.png,,Public domain
060,大動脈,assets/vessels-3.webp,https://openstax.org/books/anatomy-and-physiology-2e/pages/20-5-circulatory-pathways,"Figure 20.25 Aorta The aorta has distinct regions, including the ascending aorta, aortic arch, and the descending aorta, which includes the thoracic and abdominal regions.",OpenStax figure; CC BY-NC-SA 4.0 for OpenStax-owned art; see figure-specific credit
061,頸動脈,assets/vessels-4.webp,https://openstax.org/books/anatomy-and-physiology-2e/pages/20-5-circulatory-pathways,"Figure 20.26 Arteries Supplying the Head and Neck The common carotid artery gives rise to the external and internal carotid arteries. The external carotid artery remains superficial and gives rise to many arteries of the head. The internal carotid artery first forms the carotid sinus and then reaches the brain via the carotid canal and carotid foramen, emerging into the cranium via the foramen lacerum. The vertebral artery branches from the subclavian artery and passes through the transverse foramen in the cervical vertebrae, entering the base of the skull at the vertebral foramen. The subclavian artery continues toward the arm as the axillary artery.",OpenStax figure; CC BY-NC-SA 4.0 for OpenStax-owned art; see figure-specific credit
062,大腿動脈,assets/vessels-11.webp,https://openstax.org/books/anatomy-and-physiology-2e/pages/20-5-circulatory-pathways,Figure 20.33 Major Arteries Serving the Lower Limb Major arteries serving the lower limb are shown in anterior and posterior views.,OpenStax figure; CC BY-NC-SA 4.0 for OpenStax-owned art; see figure-specific credit
063,後頭動脈,assets/vessels-4.webp,https://openstax.org/books/anatomy-and-physiology-2e/pages/20-5-circulatory-pathways,"Figure 20.26 Arteries Supplying the Head and Neck The common carotid artery gives rise to the external and internal carotid arteries. The external carotid artery remains superficial and gives rise to many arteries of the head. The internal carotid artery first forms the carotid sinus and then reaches the brain via the carotid canal and carotid foramen, emerging into the cranium via the foramen lacerum. The vertebral artery branches from the subclavian artery and passes through the transverse foramen in the cervical vertebrae, entering the base of the skull at the vertebral foramen. The subclavian artery continues toward the arm as the axillary artery.",OpenStax figure; CC BY-NC-SA 4.0 for OpenStax-owned art; see figure-specific credit
064,肩甲部の動脈,assets/gray-scapular.png,https://commons.wikimedia.org/wiki/File:Gray524.png,"Gray / Carter (1918), plate 524, scapular and circumflex arteries.",Public domain
065,膝窩動脈,assets/gray-popliteal.png,https://commons.wikimedia.org/wiki/File:Gray609.png,,Public domain
066,後脛骨動脈,assets/vessels-11.webp,https://openstax.org/books/anatomy-and-physiology-2e/pages/20-5-circulatory-pathways,Figure 20.33 Major Arteries Serving the Lower Limb Major arteries serving the lower limb are shown in anterior and posterior views.,OpenStax figure; CC BY-NC-SA 4.0 for OpenStax-owned art; see figure-specific credit
067,頸静脈,assets/vessels-15.webp,https://openstax.org/books/anatomy-and-physiology-2e/pages/20-5-circulatory-pathways,"Figure 20.37 Veins of the Head and Neck This left lateral view shows the veins of the head and neck, including the intercranial sinuses.",OpenStax figure; CC BY-NC-SA 4.0 for OpenStax-owned art; see figure-specific credit
068,大静脈,assets/vessels-13.webp,https://openstax.org/books/anatomy-and-physiology-2e/pages/20-5-circulatory-pathways,Figure 20.35 Major Systemic Veins of the Body The major systemic veins of the body are shown here in an anterior view.,OpenStax figure; CC BY-NC-SA 4.0 for OpenStax-owned art; see figure-specific credit
069,大伏在静脈,assets/vessels-19.webp,https://openstax.org/books/anatomy-and-physiology-2e/pages/20-5-circulatory-pathways,Figure 20.41 Major Veins Serving the Lower Limbs Anterior and posterior views show the major veins that drain the lower limb into the inferior vena cava.,OpenStax figure; CC BY-NC-SA 4.0 for OpenStax-owned art; see figure-specific credit
070,椎骨静脈,assets/vessels-15.webp,https://openstax.org/books/anatomy-and-physiology-2e/pages/20-5-circulatory-pathways,"Figure 20.37 Veins of the Head and Neck This left lateral view shows the veins of the head and neck, including the intercranial sinuses.",OpenStax figure; CC BY-NC-SA 4.0 for OpenStax-owned art; see figure-specific credit
071,膝窩静脈,assets/gray-popliteal.png,https://commons.wikimedia.org/wiki/File:Gray609.png,,Public domain
072,小伏在静脈,assets/vessels-19.webp,https://openstax.org/books/anatomy-and-physiology-2e/pages/20-5-circulatory-pathways,Figure 20.41 Major Veins Serving the Lower Limbs Anterior and posterior views show the major veins that drain the lower limb into the inferior vena cava.,OpenStax figure; CC BY-NC-SA 4.0 for OpenStax-owned art; see figure-specific credit
073,頸部リンパ節,assets/gray-cervical-lymph.png,https://commons.wikimedia.org/wiki/File:Gray604a.png,,Public domain
074,腋窩リンパ節,assets/lymph-0.webp,https://openstax.org/books/anatomy-and-physiology-2e/pages/21-1-anatomy-of-the-lymphatic-and-immune-systems,Figure 21.2 Anatomy of the Lymphatic System Lymphatic vessels in the arms and legs convey lymph to the larger lymphatic vessels in the torso.,OpenStax figure; CC BY-NC-SA 4.0 for OpenStax-owned art; see figure-specific credit
075,鼠径リンパ節,assets/lymph-0.webp,https://openstax.org/books/anatomy-and-physiology-2e/pages/21-1-anatomy-of-the-lymphatic-and-immune-systems,Figure 21.2 Anatomy of the Lymphatic System Lymphatic vessels in the arms and legs convey lymph to the larger lymphatic vessels in the torso.,OpenStax figure; CC BY-NC-SA 4.0 for OpenStax-owned art; see figure-specific credit
076,後頸部リンパ節,assets/gray-cervical-lymph.png,https://commons.wikimedia.org/wiki/File:Gray604a.png,,Public domain
077,膝窩リンパ節,assets/gray-popliteal.png,https://commons.wikimedia.org/wiki/File:Gray609.png,,Public domain
078,胸管,assets/lymph-2.webp,https://openstax.org/books/anatomy-and-physiology-2e/pages/21-1-anatomy-of-the-lymphatic-and-immune-systems,Figure 21.4 Major Trunks and Ducts of the Lymphatic System The thoracic duct drains a much larger portion of the body than does the right lymphatic duct.,OpenStax figure; CC BY-NC-SA 4.0 for OpenStax-owned art; see figure-specific credit
079,気管,assets/upper_airway-7.webp,https://openstax.org/books/anatomy-and-physiology/pages/22-1-organs-and-structures-of-the-respiratory-system,"Figure 22.9 Trachea (a) The tracheal tube is formed by stacked, C-shaped pieces of hyaline cartilage. (b) The layer visible in this cross-section of tracheal wall tissue between the hyaline cartilage and the lumen of the trachea is the mucosa, which is composed of pseudostratified ciliated columnar epithelium that contains goblet cells. LM × 1220. (Micrograph provided by the Regents of University of Michigan Medical School © 2012)",OpenStax / CC BY-NC-SA 4.0 (figure-specific credits apply)
080,食道,assets/mouth-6.webp,https://openstax.org/books/anatomy-and-physiology-2e/pages/23-3-the-mouth-pharynx-and-esophagus,Figure 23.13 Esophagus The upper esophageal sphincter controls the movement of food from the pharynx to the esophagus. The lower esophageal sphincter controls the movement of food from the esophagus to the stomach.,OpenStax / CC BY-NC-SA 4.0 (figure-specific credits apply)
081,甲状腺,assets/thyroid-0.webp,https://openstax.org/books/anatomy-and-physiology-2e/pages/17-4-the-thyroid-gland,Figure 17.12 Thyroid Gland The thyroid gland is located in the neck where it wraps around the trachea. (a) Anterior view of the thyroid gland. (b) Posterior view of the thyroid gland. (c) The glandular tissue is composed primarily of thyroid follicles. The larger parafollicular cells often appear within the matrix of follicle cells. LM × 1332. (Micrograph provided by the Regents of University of Michigan Medical School © 2012),OpenStax figure; CC BY-NC-SA 4.0 for OpenStax-owned art; see figure-specific credit
082,副甲状腺,assets/parathyroid-0.webp,https://openstax.org/books/anatomy-and-physiology-2e/pages/17-5-the-parathyroid-glands,Figure 17.15 Parathyroid Glands The small parathyroid glands are embedded in the posterior surface of the thyroid gland. LM × 760. (Micrograph provided by the Regents of University of Michigan Medical School © 2012),OpenStax figure; CC BY-NC-SA 4.0 for OpenStax-owned art; see figure-specific credit
083,胸腺,assets/083.png,https://dbarchive.biosciencedbc.jp/en/bodyparts3d/download.html,,BodyParts3D CC BY 4.0
084,咽頭,assets/mouth-5.webp,https://openstax.org/books/anatomy-and-physiology-2e/pages/23-3-the-mouth-pharynx-and-esophagus,Figure 23.12 Pharynx The pharynx runs from the nostrils to the esophagus and the larynx.,OpenStax figure; CC BY-NC-SA 4.0 for OpenStax-owned art; see figure-specific credit
085,喉頭,assets/upper_airway-5.webp,https://openstax.org/books/anatomy-and-physiology/pages/22-1-organs-and-structures-of-the-respiratory-system,Figure 22.7 Larynx The larynx extends from the laryngopharynx and the hyoid bone to the trachea.,OpenStax figure; CC BY-NC-SA 4.0 for OpenStax-owned art; see figure-specific credit
086,舌,assets/mouth-1.webp,https://openstax.org/books/anatomy-and-physiology-2e/pages/23-3-the-mouth-pharynx-and-esophagus,Figure 23.8 Tongue This superior view of the tongue shows the locations and types of lingual papillae.,OpenStax / CC BY-NC-SA 4.0 (figure-specific credits apply)
087,唾液腺,assets/mouth-2.webp,https://openstax.org/books/anatomy-and-physiology-2e/pages/23-3-the-mouth-pharynx-and-esophagus,Figure 23.9 Salivary glands The major salivary glands are located outside the oral mucosa and deliver saliva into the mouth through ducts.,OpenStax / CC BY-NC-SA 4.0 (figure-specific credits apply)
088,耳下腺,assets/mouth-2.webp,https://openstax.org/books/anatomy-and-physiology-2e/pages/23-3-the-mouth-pharynx-and-esophagus,Figure 23.9 Salivary glands The major salivary glands are located outside the oral mucosa and deliver saliva into the mouth through ducts.,OpenStax figure; CC BY-NC-SA 4.0 for OpenStax-owned art; see figure-specific credit
089,顎下腺,assets/mouth-2.webp,https://openstax.org/books/anatomy-and-physiology-2e/pages/23-3-the-mouth-pharynx-and-esophagus,Figure 23.9 Salivary glands The major salivary glands are located outside the oral mucosa and deliver saliva into the mouth through ducts.,OpenStax / CC BY-NC-SA 4.0 (figure-specific credits apply)
090,下垂体,assets/090.png,https://dbarchive.biosciencedbc.jp/en/bodyparts3d/download.html,,BodyParts3D CC BY 4.0
091,松果体,assets/endocrine-0.webp,https://openstax.org/books/anatomy-and-physiology-2e/pages/17-1-an-overview-of-the-endocrine-system,Figure 17.2 Endocrine System Endocrine glands and cells are located throughout the body and play an important role in homeostasis.,OpenStax figure; CC BY-NC-SA 4.0 for OpenStax-owned art; see figure-specific credit
092,横隔膜,assets/092.png,https://dbarchive.biosciencedbc.jp/en/bodyparts3d/download.html,,BodyParts3D CC BY 4.0
093,肝臓,assets/digestive_organs-0.webp,https://openstax.org/books/anatomy-and-physiology-2e/pages/23-6-accessory-organs-in-digestion-the-liver-pancreas-and-gallbladder,"Figure 23.24 Accessory Organs The liver, pancreas, and gallbladder are considered accessory digestive organs, but their roles in the digestive system are vital.",OpenStax / CC BY-NC-SA 4.0 (figure-specific credits apply)
094,胆のう,assets/digestive_organs-3.webp,https://openstax.org/books/anatomy-and-physiology-2e/pages/23-6-accessory-organs-in-digestion-the-liver-pancreas-and-gallbladder,"Figure 23.27 Gallbladder The gallbladder stores and concentrates bile, and releases it into the two-way cystic duct when it is needed by the small intestine.",OpenStax / CC BY-NC-SA 4.0 (figure-specific credits apply)
095,胃,assets/digestive-0.webp,https://openstax.org/books/anatomy-and-physiology-2e/pages/23-4-the-stomach,"Figure 23.15 Stomach The stomach has four major regions: the cardia, fundus, body, and pylorus. The addition of an inner oblique smooth muscle layer gives the muscularis the ability to vigorously churn and mix food.",OpenStax / CC BY-NC-SA 4.0 (figure-specific credits apply)
096,脾臓,assets/096.png,https://dbarchive.biosciencedbc.jp/en/bodyparts3d/download.html,,BodyParts3D CC BY 4.0
097,膵臓,assets/digestive_organs-2.webp,https://openstax.org/books/anatomy-and-physiology-2e/pages/23-6-accessory-organs-in-digestion-the-liver-pancreas-and-gallbladder,"Figure 23.26 Exocrine and Endocrine Pancreas The pancreas has a head, a body, and a tail. It delivers pancreatic juice to the duodenum through the pancreatic duct.",OpenStax / CC BY-NC-SA 4.0 (figure-specific credits apply)
098,副腎,assets/098.png,https://dbarchive.biosciencedbc.jp/en/bodyparts3d/download.html,,BodyParts3D CC BY 4.0
099,尿管,assets/099.png,https://dbarchive.biosciencedbc.jp/en/bodyparts3d/download.html,,BodyParts3D CC BY 4.0
100,膀胱,assets/kidney-0.webp,https://openstax.org/books/anatomy-and-physiology-2e/pages/25-2-gross-anatomy-of-urine-transport,Figure 25.3 Female and Male Urethras The urethra transports urine from the bladder to the outside of the body. This image shows (a) a female urethra and (b) a male urethra.,OpenStax / CC BY-NC-SA 4.0 (figure-specific credits apply)
101,小腸,assets/intestine-0.webp,https://openstax.org/books/anatomy-and-physiology-2e/pages/23-5-the-small-and-large-intestines,"Figure 23.18 Small Intestine The three regions of the small intestine are the duodenum, jejunum, and ileum.",OpenStax / CC BY-NC-SA 4.0 (figure-specific credits apply)
102,大腸,assets/intestine-3.webp,https://openstax.org/books/anatomy-and-physiology-2e/pages/23-5-the-small-and-large-intestines,"Figure 23.21 Large Intestine The large intestine includes the cecum, colon, and rectum.",OpenStax / CC BY-NC-SA 4.0 (figure-specific credits apply)
103,十二指腸,assets/intestine-0.webp,https://openstax.org/books/anatomy-and-physiology-2e/pages/23-5-the-small-and-large-intestines,"Figure 23.18 Small Intestine The three regions of the small intestine are the duodenum, jejunum, and ileum.",OpenStax / CC BY-NC-SA 4.0 (figure-specific credits apply)
104,空腸,assets/intestine-0.webp,https://openstax.org/books/anatomy-and-physiology-2e/pages/23-5-the-small-and-large-intestines,"Figure 23.18 Small Intestine The three regions of the small intestine are the duodenum, jejunum, and ileum.",OpenStax / CC BY-NC-SA 4.0 (figure-specific credits apply)
105,回腸,assets/intestine-0.webp,https://openstax.org/books/anatomy-and-physiology-2e/pages/23-5-the-small-and-large-intestines,"Figure 23.18 Small Intestine The three regions of the small intestine are the duodenum, jejunum, and ileum.",OpenStax / CC BY-NC-SA 4.0 (figure-specific credits apply)
106,盲腸,assets/intestine-3.webp,https://openstax.org/books/anatomy-and-physiology-2e/pages/23-5-the-small-and-large-intestines,"Figure 23.21 Large Intestine The large intestine includes the cecum, colon, and rectum.",OpenStax / CC BY-NC-SA 4.0 (figure-specific credits apply)
107,上行結腸,assets/intestine-3.webp,https://openstax.org/books/anatomy-and-physiology-2e/pages/23-5-the-small-and-large-intestines,"Figure 23.21 Large Intestine The large intestine includes the cecum, colon, and rectum.",OpenStax / CC BY-NC-SA 4.0 (figure-specific credits apply)
108,横行結腸,assets/intestine-3.webp,https://openstax.org/books/anatomy-and-physiology-2e/pages/23-5-the-small-and-large-intestines,"Figure 23.21 Large Intestine The large intestine includes the cecum, colon, and rectum.",OpenStax / CC BY-NC-SA 4.0 (figure-specific credits apply)
109,下行結腸,assets/intestine-3.webp,https://openstax.org/books/anatomy-and-physiology-2e/pages/23-5-the-small-and-large-intestines,"Figure 23.21 Large Intestine The large intestine includes the cecum, colon, and rectum.",OpenStax / CC BY-NC-SA 4.0 (figure-specific credits apply)
110,S状結腸,assets/intestine-3.webp,https://openstax.org/books/anatomy-and-physiology-2e/pages/23-5-the-small-and-large-intestines,"Figure 23.21 Large Intestine The large intestine includes the cecum, colon, and rectum.",OpenStax figure; CC BY-NC-SA 4.0 for OpenStax-owned art; see figure-specific credit
111,虫垂,assets/intestine-3.webp,https://openstax.org/books/anatomy-and-physiology-2e/pages/23-5-the-small-and-large-intestines,"Figure 23.21 Large Intestine The large intestine includes the cecum, colon, and rectum.",OpenStax figure; CC BY-NC-SA 4.0 for OpenStax-owned art; see figure-specific credit
112,直腸,assets/intestine-3.webp,https://openstax.org/books/anatomy-and-physiology-2e/pages/23-5-the-small-and-large-intestines,"Figure 23.21 Large Intestine The large intestine includes the cecum, colon, and rectum.",OpenStax / CC BY-NC-SA 4.0 (figure-specific credits apply)
113,乳腺,assets/female-8.webp,https://openstax.org/books/anatomy-and-physiology-2e/pages/27-2-anatomy-and-physiology-of-the-ovarian-reproductive-system,"Figure 27.17 Anatomy of the Breast During lactation, milk moves from the alveoli through the lactiferous ducts to the nipple.",OpenStax figure; CC BY-NC-SA 4.0 for OpenStax-owned art; see figure-specific credit
114,尿道,assets/kidney-0.webp,https://openstax.org/books/anatomy-and-physiology-2e/pages/25-2-gross-anatomy-of-urine-transport,Figure 25.3 Female and Male Urethras The urethra transports urine from the bladder to the outside of the body. This image shows (a) a female urethra and (b) a male urethra.,OpenStax figure; CC BY-NC-SA 4.0 for OpenStax-owned art; see figure-specific credit
115,前立腺,assets/male-0.webp,https://openstax.org/books/anatomy-and-physiology-2e/pages/27-1-anatomy-and-physiology-of-the-testicular-reproductive-system,"Figure 27.2 Testicular Reproductive System The structures of the testicular reproductive system include the testes, the epididymides, the penis, and the ducts and glands that produce and carry semen. Sperm exit the scrotum through the ductus deferens, which is bundled in the spermatic cord. The seminal vesicles and prostate gland add fluids to the sperm to create semen.",OpenStax / CC BY-NC-SA 4.0 (figure-specific credits apply)
116,精巣,assets/male-2.webp,https://openstax.org/books/anatomy-and-physiology-2e/pages/27-1-anatomy-and-physiology-of-the-testicular-reproductive-system,"Figure 27.4 Anatomy of the Testis This sagittal view shows the seminiferous tubules, the site of sperm production. Formed sperm are transferred to the epididymis, where they mature. They leave the epididymis during an ejaculation via the ductus deferens.",OpenStax / CC BY-NC-SA 4.0 (figure-specific credits apply)
117,精巣上体,assets/male-2.webp,https://openstax.org/books/anatomy-and-physiology-2e/pages/27-1-anatomy-and-physiology-of-the-testicular-reproductive-system,"Figure 27.4 Anatomy of the Testis This sagittal view shows the seminiferous tubules, the site of sperm production. Formed sperm are transferred to the epididymis, where they mature. They leave the epididymis during an ejaculation via the ductus deferens.",OpenStax / CC BY-NC-SA 4.0 (figure-specific credits apply)
118,精嚢,assets/male-0.webp,https://openstax.org/books/anatomy-and-physiology-2e/pages/27-1-anatomy-and-physiology-of-the-testicular-reproductive-system,"Figure 27.2 Testicular Reproductive System The structures of the testicular reproductive system include the testes, the epididymides, the penis, and the ducts and glands that produce and carry semen. Sperm exit the scrotum through the ductus deferens, which is bundled in the spermatic cord. The seminal vesicles and prostate gland add fluids to the sperm to create semen.",OpenStax / CC BY-NC-SA 4.0 (figure-specific credits apply)
119,精管,assets/male-0.webp,https://openstax.org/books/anatomy-and-physiology-2e/pages/27-1-anatomy-and-physiology-of-the-testicular-reproductive-system,"Figure 27.2 Testicular Reproductive System The structures of the testicular reproductive system include the testes, the epididymides, the penis, and the ducts and glands that produce and carry semen. Sperm exit the scrotum through the ductus deferens, which is bundled in the spermatic cord. The seminal vesicles and prostate gland add fluids to the sperm to create semen.",OpenStax figure; CC BY-NC-SA 4.0 for OpenStax-owned art; see figure-specific credit
120,子宮,assets/female-5.webp,https://openstax.org/books/anatomy-and-physiology-2e/pages/27-2-anatomy-and-physiology-of-the-ovarian-reproductive-system,"Figure 27.14 Ovaries, Uterine Tubes, and Uterus This anterior view shows the relationship of the ovaries, uterine tubes (oviducts), and uterus. Sperm enter through the vagina, and fertilization of an ovulated oocyte usually occurs in the distal uterine tube. From left to right, LM × 400, LM × 20. (Micrographs provided by the Regents of University of Michigan Medical School © 2012)",OpenStax figure; CC BY-NC-SA 4.0 for OpenStax-owned art; see figure-specific credit
121,子宮頸部,assets/female-0.webp,https://openstax.org/books/anatomy-and-physiology-2e/pages/27-2-anatomy-and-physiology-of-the-ovarian-reproductive-system,Figure 27.9 Female Reproductive System The major organs of the female reproductive system are located inside the pelvic cavity.,OpenStax figure; CC BY-NC-SA 4.0 for OpenStax-owned art; see figure-specific credit
122,卵巣,assets/female-5.webp,https://openstax.org/books/anatomy-and-physiology-2e/pages/27-2-anatomy-and-physiology-of-the-ovarian-reproductive-system,"Figure 27.14 Ovaries, Uterine Tubes, and Uterus This anterior view shows the relationship of the ovaries, uterine tubes (oviducts), and uterus. Sperm enter through the vagina, and fertilization of an ovulated oocyte usually occurs in the distal uterine tube. From left to right, LM × 400, LM × 20. (Micrographs provided by the Regents of University of Michigan Medical School © 2012)",OpenStax figure; CC BY-NC-SA 4.0 for OpenStax-owned art; see figure-specific credit
123,卵管,assets/female-5.webp,https://openstax.org/books/anatomy-and-physiology-2e/pages/27-2-anatomy-and-physiology-of-the-ovarian-reproductive-system,"Figure 27.14 Ovaries, Uterine Tubes, and Uterus This anterior view shows the relationship of the ovaries, uterine tubes (oviducts), and uterus. Sperm enter through the vagina, and fertilization of an ovulated oocyte usually occurs in the distal uterine tube. From left to right, LM × 400, LM × 20. (Micrographs provided by the Regents of University of Michigan Medical School © 2012)",OpenStax figure; CC BY-NC-SA 4.0 for OpenStax-owned art; see figure-specific credit
124,腟,assets/female-0.webp,https://openstax.org/books/anatomy-and-physiology-2e/pages/27-2-anatomy-and-physiology-of-the-ovarian-reproductive-system,Figure 27.9 Female Reproductive System The major organs of the female reproductive system are located inside the pelvic cavity.,OpenStax figure; CC BY-NC-SA 4.0 for OpenStax-owned art; see figure-specific credit
125,表皮,assets/skin_layers-0.webp,https://openstax.org/books/anatomy-and-physiology-2e/pages/5-1-layers-of-the-skin,"Figure 5.2 Layers of Skin The skin is composed of two main layers: the epidermis, made of closely packed epithelial cells, and the dermis, made of dense, irregular connective tissue that houses blood vessels, hair follicles, sweat glands, and other structures. Beneath the dermis lies the hypodermis, which is composed mainly of loose connective and fatty tissues.",OpenStax figure; CC BY-NC-SA 4.0 for OpenStax-owned art; see figure-specific credit
126,真皮,assets/skin_layers-0.webp,https://openstax.org/books/anatomy-and-physiology-2e/pages/5-1-layers-of-the-skin,"Figure 5.2 Layers of Skin The skin is composed of two main layers: the epidermis, made of closely packed epithelial cells, and the dermis, made of dense, irregular connective tissue that houses blood vessels, hair follicles, sweat glands, and other structures. Beneath the dermis lies the hypodermis, which is composed mainly of loose connective and fatty tissues.",OpenStax figure; CC BY-NC-SA 4.0 for OpenStax-owned art; see figure-specific credit
127,皮下組織,assets/skin_layers-0.webp,https://openstax.org/books/anatomy-and-physiology-2e/pages/5-1-layers-of-the-skin,"Figure 5.2 Layers of Skin The skin is composed of two main layers: the epidermis, made of closely packed epithelial cells, and the dermis, made of dense, irregular connective tissue that houses blood vessels, hair follicles, sweat glands, and other structures. Beneath the dermis lies the hypodermis, which is composed mainly of loose connective and fatty tissues.",OpenStax figure; CC BY-NC-SA 4.0 for OpenStax-owned art; see figure-specific credit
128,毛包,assets/skin_accessory-0.webp,https://openstax.org/books/anatomy-and-physiology-2e/pages/5-2-accessory-structures-of-the-skin,Figure 5.11 Hair Hair follicles originate in the epidermis and have many different parts.,OpenStax figure; CC BY-NC-SA 4.0 for OpenStax-owned art; see figure-specific credit
129,皮脂腺,assets/skin_accessory-0.webp,https://openstax.org/books/anatomy-and-physiology-2e/pages/5-2-accessory-structures-of-the-skin,Figure 5.11 Hair Hair follicles originate in the epidermis and have many different parts.,OpenStax figure; CC BY-NC-SA 4.0 for OpenStax-owned art; see figure-specific credit
130,汗腺,assets/skin_accessory-3.webp,https://openstax.org/books/anatomy-and-physiology-2e/pages/5-2-accessory-structures-of-the-skin,Figure 5.14 Eccrine Gland Eccrine glands are coiled glands in the dermis that release sweat that is mostly water.,OpenStax figure; CC BY-NC-SA 4.0 for OpenStax-owned art; see figure-specific credit
131,知覚神経,assets/skin_layers-0.webp,https://openstax.org/books/anatomy-and-physiology-2e/pages/5-1-layers-of-the-skin,"Figure 5.2 Layers of Skin The skin is composed of two main layers: the epidermis, made of closely packed epithelial cells, and the dermis, made of dense, irregular connective tissue that houses blood vessels, hair follicles, sweat glands, and other structures. Beneath the dermis lies the hypodermis, which is composed mainly of loose connective and fatty tissues.",OpenStax figure; CC BY-NC-SA 4.0 for OpenStax-owned art; see figure-specific credit
132,皮膚の血管,assets/skin_layers-0.webp,https://openstax.org/books/anatomy-and-physiology-2e/pages/5-1-layers-of-the-skin,"Figure 5.2 Layers of Skin The skin is composed of two main layers: the epidermis, made of closely packed epithelial cells, and the dermis, made of dense, irregular connective tissue that houses blood vessels, hair follicles, sweat glands, and other structures. Beneath the dermis lies the hypodermis, which is composed mainly of loose connective and fatty tissues.",OpenStax figure; CC BY-NC-SA 4.0 for OpenStax-owned art; see figure-specific credit
133,前頭葉,assets/brain-1.webp,https://openstax.org/books/anatomy-and-physiology-2e/pages/13-2-the-central-nervous-system,Figure 13.7 Lobes of the Cerebral Cortex The cerebral cortex is divided into four lobes. Extensive folding increases the surface area available for cerebral functions.,OpenStax figure; CC BY-NC-SA 4.0 for OpenStax-owned art; see figure-specific credit
134,頭頂葉,assets/brain-1.webp,https://openstax.org/books/anatomy-and-physiology-2e/pages/13-2-the-central-nervous-system,Figure 13.7 Lobes of the Cerebral Cortex The cerebral cortex is divided into four lobes. Extensive folding increases the surface area available for cerebral functions.,OpenStax figure; CC BY-NC-SA 4.0 for OpenStax-owned art; see figure-specific credit
135,側頭葉,assets/brain-1.webp,https://openstax.org/books/anatomy-and-physiology-2e/pages/13-2-the-central-nervous-system,Figure 13.7 Lobes of the Cerebral Cortex The cerebral cortex is divided into four lobes. Extensive folding increases the surface area available for cerebral functions.,OpenStax figure; CC BY-NC-SA 4.0 for OpenStax-owned art; see figure-specific credit
136,小脳,assets/brain-7.webp,https://openstax.org/books/anatomy-and-physiology-2e/pages/13-2-the-central-nervous-system,"Figure 13.13 The Cerebellum The cerebellum is situated on the posterior surface of the brain stem. Descending input from the cerebellum enters through the large white matter structure of the pons. Ascending input from the periphery and spinal cord enters through the fibers of the inferior olive. Output goes to the midbrain, which sends a descending signal to the spinal cord.",OpenStax figure; CC BY-NC-SA 4.0 for OpenStax-owned art; see figure-specific credit
137,脳幹,assets/brain-6.webp,https://openstax.org/books/anatomy-and-physiology-2e/pages/13-2-the-central-nervous-system,"Figure 13.12 The Brain Stem The brain stem comprises three regions: the midbrain, the pons, and the medulla.",OpenStax figure; CC BY-NC-SA 4.0 for OpenStax-owned art; see figure-specific credit
138,角膜,assets/senses-13.webp,https://openstax.org/books/anatomy-and-physiology/pages/14-1-sensory-perception,"Figure 14.15 Structure of the Eye The sphere of the eye can be divided into anterior and posterior chambers. The wall of the eye is composed of three layers: the fibrous tunic, vascular tunic, and neural tunic. Within the neural tunic is the retina, with three layers of cells and two synaptic layers in between. The center of the retina has a small indentation known as the fovea.",OpenStax figure; CC BY-NC-SA 4.0 for OpenStax-owned art; see figure-specific credit
139,虹彩,assets/senses-13.webp,https://openstax.org/books/anatomy-and-physiology/pages/14-1-sensory-perception,"Figure 14.15 Structure of the Eye The sphere of the eye can be divided into anterior and posterior chambers. The wall of the eye is composed of three layers: the fibrous tunic, vascular tunic, and neural tunic. Within the neural tunic is the retina, with three layers of cells and two synaptic layers in between. The center of the retina has a small indentation known as the fovea.",OpenStax figure; CC BY-NC-SA 4.0 for OpenStax-owned art; see figure-specific credit
140,水晶体,assets/senses-13.webp,https://openstax.org/books/anatomy-and-physiology/pages/14-1-sensory-perception,"Figure 14.15 Structure of the Eye The sphere of the eye can be divided into anterior and posterior chambers. The wall of the eye is composed of three layers: the fibrous tunic, vascular tunic, and neural tunic. Within the neural tunic is the retina, with three layers of cells and two synaptic layers in between. The center of the retina has a small indentation known as the fovea.",OpenStax figure; CC BY-NC-SA 4.0 for OpenStax-owned art; see figure-specific credit
141,網膜,assets/senses-13.webp,https://openstax.org/books/anatomy-and-physiology/pages/14-1-sensory-perception,"Figure 14.15 Structure of the Eye The sphere of the eye can be divided into anterior and posterior chambers. The wall of the eye is composed of three layers: the fibrous tunic, vascular tunic, and neural tunic. Within the neural tunic is the retina, with three layers of cells and two synaptic layers in between. The center of the retina has a small indentation known as the fovea.",OpenStax figure; CC BY-NC-SA 4.0 for OpenStax-owned art; see figure-specific credit
142,視神経,assets/senses-13.webp,https://openstax.org/books/anatomy-and-physiology/pages/14-1-sensory-perception,"Figure 14.15 Structure of the Eye The sphere of the eye can be divided into anterior and posterior chambers. The wall of the eye is composed of three layers: the fibrous tunic, vascular tunic, and neural tunic. Within the neural tunic is the retina, with three layers of cells and two synaptic layers in between. The center of the retina has a small indentation known as the fovea.",OpenStax figure; CC BY-NC-SA 4.0 for OpenStax-owned art; see figure-specific credit
143,耳介,assets/senses-3.webp,https://openstax.org/books/anatomy-and-physiology/pages/14-1-sensory-perception,"Figure 14.5 Structures of the Ear The external ear contains the auricle, ear canal, and tympanic membrane. The middle ear contains the ossicles and is connected to the pharynx by the Eustachian tube. The inner ear contains the cochlea and vestibule, which are responsible for audition and equilibrium, respectively.",OpenStax figure; CC BY-NC-SA 4.0 for OpenStax-owned art; see figure-specific credit
144,外耳道,assets/senses-3.webp,https://openstax.org/books/anatomy-and-physiology/pages/14-1-sensory-perception,"Figure 14.5 Structures of the Ear The external ear contains the auricle, ear canal, and tympanic membrane. The middle ear contains the ossicles and is connected to the pharynx by the Eustachian tube. The inner ear contains the cochlea and vestibule, which are responsible for audition and equilibrium, respectively.",OpenStax figure; CC BY-NC-SA 4.0 for OpenStax-owned art; see figure-specific credit
145,鼓膜,assets/senses-3.webp,https://openstax.org/books/anatomy-and-physiology/pages/14-1-sensory-perception,"Figure 14.5 Structures of the Ear The external ear contains the auricle, ear canal, and tympanic membrane. The middle ear contains the ossicles and is connected to the pharynx by the Eustachian tube. The inner ear contains the cochlea and vestibule, which are responsible for audition and equilibrium, respectively.",OpenStax figure; CC BY-NC-SA 4.0 for OpenStax-owned art; see figure-specific credit
146,耳小骨,assets/senses-3.webp,https://openstax.org/books/anatomy-and-physiology/pages/14-1-sensory-perception,"Figure 14.5 Structures of the Ear The external ear contains the auricle, ear canal, and tympanic membrane. The middle ear contains the ossicles and is connected to the pharynx by the Eustachian tube. The inner ear contains the cochlea and vestibule, which are responsible for audition and equilibrium, respectively.",OpenStax figure; CC BY-NC-SA 4.0 for OpenStax-owned art; see figure-specific credit
147,蝸牛,assets/senses-3.webp,https://openstax.org/books/anatomy-and-physiology/pages/14-1-sensory-perception,"Figure 14.5 Structures of the Ear The external ear contains the auricle, ear canal, and tympanic membrane. The middle ear contains the ossicles and is connected to the pharynx by the Eustachian tube. The inner ear contains the cochlea and vestibule, which are responsible for audition and equilibrium, respectively.",OpenStax figure; CC BY-NC-SA 4.0 for OpenStax-owned art; see figure-specific credit
148,右心房,assets/heart_anatomy-7.webp,https://openstax.org/books/anatomy-and-physiology-2e/pages/19-1-heart-anatomy,"Figure 19.9 Internal Structures of the Heart This anterior view of the heart shows the four chambers, the major vessels and their early branches, as well as the valves. The presence of the pulmonary trunk and aorta covers the interatrial septum, and the atrioventricular septum is cut away to show the atrioventricular valves.",OpenStax figure; CC BY-NC-SA 4.0 for OpenStax-owned art; see figure-specific credit
149,左心房,assets/heart_anatomy-7.webp,https://openstax.org/books/anatomy-and-physiology-2e/pages/19-1-heart-anatomy,"Figure 19.9 Internal Structures of the Heart This anterior view of the heart shows the four chambers, the major vessels and their early branches, as well as the valves. The presence of the pulmonary trunk and aorta covers the interatrial septum, and the atrioventricular septum is cut away to show the atrioventricular valves.",OpenStax figure; CC BY-NC-SA 4.0 for OpenStax-owned art; see figure-specific credit
150,右心室,assets/heart_anatomy-7.webp,https://openstax.org/books/anatomy-and-physiology-2e/pages/19-1-heart-anatomy,"Figure 19.9 Internal Structures of the Heart This anterior view of the heart shows the four chambers, the major vessels and their early branches, as well as the valves. The presence of the pulmonary trunk and aorta covers the interatrial septum, and the atrioventricular septum is cut away to show the atrioventricular valves.",OpenStax figure; CC BY-NC-SA 4.0 for OpenStax-owned art; see figure-specific credit
151,左心室,assets/heart_anatomy-7.webp,https://openstax.org/books/anatomy-and-physiology-2e/pages/19-1-heart-anatomy,"Figure 19.9 Internal Structures of the Heart This anterior view of the heart shows the four chambers, the major vessels and their early branches, as well as the valves. The presence of the pulmonary trunk and aorta covers the interatrial septum, and the atrioventricular septum is cut away to show the atrioventricular valves.",OpenStax figure; CC BY-NC-SA 4.0 for OpenStax-owned art; see figure-specific credit
152,右肺,assets/respiratory-0.webp,https://openstax.org/books/anatomy-and-physiology-2e/pages/22-2-the-lungs,Figure 22.13 Gross Anatomy of the Lungs,OpenStax figure; CC BY-NC-SA 4.0 for OpenStax-owned art; see figure-specific credit
153,左肺,assets/respiratory-0.webp,https://openstax.org/books/anatomy-and-physiology-2e/pages/22-2-the-lungs,Figure 22.13 Gross Anatomy of the Lungs,OpenStax figure; CC BY-NC-SA 4.0 for OpenStax-owned art; see figure-specific credit
154,気管支,assets/respiratory-0.webp,https://openstax.org/books/anatomy-and-physiology-2e/pages/22-2-the-lungs,Figure 22.13 Gross Anatomy of the Lungs,OpenStax / CC BY-NC-SA 4.0 (figure-specific credits apply)
155,肺胞,assets/upper_airway-9.webp,https://openstax.org/books/anatomy-and-physiology/pages/22-1-organs-and-structures-of-the-respiratory-system,Figure 22.11 Structures of the Respiratory Zone (a) The alveolus is responsible for gas exchange. (b) A micrograph shows the alveolar structures within lung tissue. LM × 178. (Micrograph provided by the Regents of University of Michigan Medical School © 2012),OpenStax figure; CC BY-NC-SA 4.0 for OpenStax-owned art; see figure-specific credit
156,腎皮質,assets/kidney_anatomy-1.webp,https://openstax.org/books/anatomy-and-physiology/pages/25-3-gross-anatomy-of-the-kidney,Figure 25.8 Left Kidney,OpenStax figure; CC BY-NC-SA 4.0 for OpenStax-owned art; see figure-specific credit
157,腎髄質,assets/kidney_anatomy-1.webp,https://openstax.org/books/anatomy-and-physiology/pages/25-3-gross-anatomy-of-the-kidney,Figure 25.8 Left Kidney,OpenStax figure; CC BY-NC-SA 4.0 for OpenStax-owned art; see figure-specific credit
158,腎盂,assets/kidney_anatomy-1.webp,https://openstax.org/books/anatomy-and-physiology/pages/25-3-gross-anatomy-of-the-kidney,Figure 25.8 Left Kidney,OpenStax figure; CC BY-NC-SA 4.0 for OpenStax-owned art; see figure-specific credit
